service,method,path,handler,mount,authentication,authorization,body_or_frame_limit,rate_limit,origin_policy,evidence
gateway,GET,/api/state,get_state,demo and production,public,read only,Axum 2MiB default for Bytes/Json; GET not body extracted,none explicit,permissive CORS; no WS Origin guard,source inspected; narrow runtime samples in local_http_body_and_registration_limits_are_bounded
gateway,GET,/attest,get_attest,demo and production,public,read only,Axum 2MiB default for Bytes/Json; GET not body extracted,none explicit,permissive CORS; no WS Origin guard,source inspected; narrow runtime samples in local_http_body_and_registration_limits_are_bounded
gateway,GET,/ws,ws_handler,demo and production,public,public demo snapshot socket,tungstenite defaults; no app override,none explicit,permissive CORS; no WS Origin guard,source inspected; narrow runtime samples in local_http_body_and_registration_limits_are_bounded
gateway,POST,/api/order,post_order,demo only,none (demo),demo account mutation,Axum 2MiB default for Bytes/Json; GET not body extracted,none explicit,permissive CORS; no WS Origin guard,source inspected; narrow runtime samples in local_http_body_and_registration_limits_are_bounded
gateway,POST,/api/deposit,post_deposit,demo only,none (demo),demo account mutation,Axum 2MiB default for Bytes/Json; GET not body extracted,none explicit,permissive CORS; no WS Origin guard,source inspected; narrow runtime samples in local_http_body_and_registration_limits_are_bounded
gateway,POST,/api/withdraw,post_withdraw,demo only,none (demo),demo account mutation,Axum 2MiB default for Bytes/Json; GET not body extracted,none explicit,permissive CORS; no WS Origin guard,source inspected; narrow runtime samples in local_http_body_and_registration_limits_are_bounded
gateway,POST,/api/lp/deposit,post_lp_deposit,demo only,none (demo),demo account mutation,Axum 2MiB default for Bytes/Json; GET not body extracted,none explicit,permissive CORS; no WS Origin guard,source inspected; narrow runtime samples in local_http_body_and_registration_limits_are_bounded
gateway,POST,/api/lp/withdraw,post_lp_withdraw,demo only,none (demo),demo account mutation,Axum 2MiB default for Bytes/Json; GET not body extracted,none explicit,permissive CORS; no WS Origin guard,source inspected; narrow runtime samples in local_http_body_and_registration_limits_are_bounded
gateway,POST,/api/close,post_close,demo only,none (demo),demo account mutation,Axum 2MiB default for Bytes/Json; GET not body extracted,none explicit,permissive CORS; no WS Origin guard,source inspected; narrow runtime samples in local_http_body_and_registration_limits_are_bounded
gateway,POST,/api/cancel,post_cancel,demo only,none (demo),demo account mutation,Axum 2MiB default for Bytes/Json; GET not body extracted,none explicit,permissive CORS; no WS Origin guard,source inspected; narrow runtime samples in local_http_body_and_registration_limits_are_bounded
gateway,POST,/api/mode,post_mode,demo only,none (demo),demo account mutation,Axum 2MiB default for Bytes/Json; GET not body extracted,none explicit,permissive CORS; no WS Origin guard,source inspected; narrow runtime samples in local_http_body_and_registration_limits_are_bounded
gateway,POST,/api/simulate-adl,post_simulate_adl,demo only,none (demo),demo account mutation,Axum 2MiB default for Bytes/Json; GET not body extracted,none explicit,permissive CORS; no WS Origin guard,source inspected; narrow runtime samples in local_http_body_and_registration_limits_are_bounded
gateway,POST,/api/select-market,post_select,demo only,none (demo),demo account mutation,Axum 2MiB default for Bytes/Json; GET not body extracted,none explicit,permissive CORS; no WS Origin guard,source inspected; narrow runtime samples in local_http_body_and_registration_limits_are_bounded
gateway,POST,/api/recover,post_recover,demo only,none (demo),demo account mutation,Axum 2MiB default for Bytes/Json; GET not body extracted,none explicit,permissive CORS; no WS Origin guard,source inspected; narrow runtime samples in local_http_body_and_registration_limits_are_bounded
gateway,GET,/v1/lp,get_v1_lp,demo only,X-Api-Key,account lookup; handler-specific business checks,Axum 2MiB default for Bytes/Json; GET not body extracted,none explicit,permissive CORS; no WS Origin guard,source inspected; narrow runtime samples in local_http_body_and_registration_limits_are_bounded
gateway,POST,/v1/lp/deposit,post_v1_lp_deposit,demo only,X-Api-Key,account lookup; handler-specific business checks,Axum 2MiB default for Bytes/Json; GET not body extracted,none explicit,permissive CORS; no WS Origin guard,source inspected; narrow runtime samples in local_http_body_and_registration_limits_are_bounded
gateway,POST,/v1/lp/withdraw,post_v1_lp_withdraw,demo only,X-Api-Key,account lookup; handler-specific business checks,Axum 2MiB default for Bytes/Json; GET not body extracted,none explicit,permissive CORS; no WS Origin guard,source inspected; narrow runtime samples in local_http_body_and_registration_limits_are_bounded
gateway,POST,/v1/accounts,post_v1_register,demo and production,public,optional signer registration; generated API credential,Axum 2MiB default for Bytes/Json; GET not body extracted,30/min/IP; loopback proxy headers trusted,permissive CORS; no WS Origin guard,source inspected; narrow runtime samples in local_http_body_and_registration_limits_are_bounded
gateway,GET,/v1/accounts/me,get_v1_account,demo and production,X-Api-Key,account lookup; handler-specific business checks,Axum 2MiB default for Bytes/Json; GET not body extracted,none explicit,permissive CORS; no WS Origin guard,source inspected; narrow runtime samples in local_http_body_and_registration_limits_are_bounded
gateway,GET,/v1/accounts/recovery/:owner,get_v1_recovery,demo and production,public,read only,Axum 2MiB default for Bytes/Json; GET not body extracted,none explicit,permissive CORS; no WS Origin guard,source inspected; narrow runtime samples in local_http_body_and_registration_limits_are_bounded
gateway,POST,/v1/accounts/recovery,post_v1_recovery,demo and production,wallet recovery signature,signer else bound address; chain/vault/owner/nonce; disk ACK; final authorization recheck,Axum 2MiB default for Bytes/Json; GET not body extracted,none explicit,permissive CORS; no WS Origin guard,source inspected; narrow runtime samples in local_http_body_and_registration_limits_are_bounded
gateway,POST,/v1/accounts/deposit,post_v1_deposit,demo and production,X-Api-Key,engine rejects unbacked credit in production,Axum 2MiB default for Bytes/Json; GET not body extracted,none explicit,permissive CORS; no WS Origin guard,source inspected; narrow runtime samples in local_http_body_and_registration_limits_are_bounded
gateway,POST,/v1/accounts/deposit/address,post_v1_deposit_address,demo and production,X-Api-Key,new wallet proof + old bound wallet rebind proof; generation,Axum 2MiB default for Bytes/Json; GET not body extracted,none explicit,permissive CORS; no WS Origin guard,source inspected; narrow runtime samples in local_http_body_and_registration_limits_are_bounded
gateway,POST,/v1/accounts/deposit/authorize,post_v1_deposit_authorize,demo and production,X-Api-Key,account lookup; handler-specific business checks,Axum 2MiB default for Bytes/Json; GET not body extracted,none explicit,permissive CORS; no WS Origin guard,source inspected; narrow runtime samples in local_http_body_and_registration_limits_are_bounded
gateway,POST,/v1/accounts/deposit/route,deposit_ingestion::route_legacy,demo and production,X-Api-Key,account lookup; handler-specific business checks,Axum 2MiB default for Bytes/Json; GET not body extracted,none explicit,permissive CORS; no WS Origin guard,source inspected; narrow runtime samples in local_http_body_and_registration_limits_are_bounded
gateway,POST,/v1/accounts/deposit/onchain,post_v1_deposit_onchain,demo and production,X-Api-Key,account lookup; handler-specific business checks,Axum 2MiB default for Bytes/Json; GET not body extracted,none explicit,permissive CORS; no WS Origin guard,source inspected; narrow runtime samples in local_http_body_and_registration_limits_are_bounded
gateway,POST,/v1/accounts/withdraw,post_v1_withdraw,demo and production,X-Api-Key,wallet signature; deployment/owner/destination/nonce; durable ACK,Axum 2MiB default for Bytes/Json; GET not body extracted,none explicit,permissive CORS; no WS Origin guard,source inspected; narrow runtime samples in local_http_body_and_registration_limits_are_bounded
gateway,GET,/v1/accounts/withdrawals,get_v1_withdrawals,demo and production,X-Api-Key,account lookup; handler-specific business checks,Axum 2MiB default for Bytes/Json; GET not body extracted,none explicit,permissive CORS; no WS Origin guard,source inspected; narrow runtime samples in local_http_body_and_registration_limits_are_bounded
gateway,POST,/v1/orders,post_v1_order,demo and production,X-Api-Key,sealed order; registered signer proof if caller-signed; 10/sec/account,Axum 2MiB default for Bytes/Json; GET not body extracted,10/sec/account,permissive CORS; no WS Origin guard,source inspected; narrow runtime samples in local_http_body_and_registration_limits_are_bounded
gateway,GET,/v1/orders,get_v1_orders,demo and production,X-Api-Key,account lookup; handler-specific business checks,Axum 2MiB default for Bytes/Json; GET not body extracted,none explicit,permissive CORS; no WS Origin guard,source inspected; narrow runtime samples in local_http_body_and_registration_limits_are_bounded
gateway,DELETE,/v1/orders/:order_id,delete_v1_order,demo and production,X-Api-Key,account lookup; handler-specific business checks,Axum 2MiB default for Bytes/Json; GET not body extracted,none explicit,permissive CORS; no WS Origin guard,source inspected; narrow runtime samples in local_http_body_and_registration_limits_are_bounded
gateway,GET,/v1/positions,get_v1_positions,demo and production,X-Api-Key,account lookup; handler-specific business checks,Axum 2MiB default for Bytes/Json; GET not body extracted,none explicit,permissive CORS; no WS Origin guard,source inspected; narrow runtime samples in local_http_body_and_registration_limits_are_bounded
gateway,GET,/v1/markets,get_v1_markets,demo and production,public,read only,Axum 2MiB default for Bytes/Json; GET not body extracted,none explicit,permissive CORS; no WS Origin guard,source inspected; narrow runtime samples in local_http_body_and_registration_limits_are_bounded
gateway,GET,/v1/markets/:id,get_v1_market,demo and production,public,read only,Axum 2MiB default for Bytes/Json; GET not body extracted,none explicit,permissive CORS; no WS Origin guard,source inspected; narrow runtime samples in local_http_body_and_registration_limits_are_bounded
gateway,GET,/v1/markets/:id/orderbook,get_v1_orderbook,demo and production,public,read only,Axum 2MiB default for Bytes/Json; GET not body extracted,none explicit,permissive CORS; no WS Origin guard,source inspected; narrow runtime samples in local_http_body_and_registration_limits_are_bounded
gateway,GET,/v1/markets/:id/candles,get_v1_candles,demo and production,public,read only,Axum 2MiB default for Bytes/Json; GET not body extracted,none explicit,permissive CORS; no WS Origin guard,source inspected; narrow runtime samples in local_http_body_and_registration_limits_are_bounded
gateway,GET,/v1/markets/:id/oracle,get_v1_oracle,demo and production,public,read only,Axum 2MiB default for Bytes/Json; GET not body extracted,none explicit,permissive CORS; no WS Origin guard,source inspected; narrow runtime samples in local_http_body_and_registration_limits_are_bounded
gateway,GET,/v1/system/status,get_v1_status,demo and production,public,read only,Axum 2MiB default for Bytes/Json; GET not body extracted,none explicit,permissive CORS; no WS Origin guard,source inspected; narrow runtime samples in local_http_body_and_registration_limits_are_bounded
gateway,POST,/v1/admin/settlement/resume,post_v1_admin_resume,demo and production,X-Admin-Key / FIN_ADMIN_KEY,disabled without configured key; handler preconditions,Axum 2MiB default for Bytes/Json; GET not body extracted,none explicit,permissive CORS; no WS Origin guard,source inspected; narrow runtime samples in local_http_body_and_registration_limits_are_bounded
gateway,POST,/v1/admin/wind-down,post_v1_admin_wind_down,demo and production,X-Admin-Key / FIN_ADMIN_KEY,disabled without configured key; handler preconditions,Axum 2MiB default for Bytes/Json; GET not body extracted,none explicit,permissive CORS; no WS Origin guard,source inspected; narrow runtime samples in local_http_body_and_registration_limits_are_bounded
gateway,POST,/v1/admin/insurance/bootstrap,post_v1_admin_insurance_bootstrap,demo and production,X-Admin-Key / FIN_ADMIN_KEY + X-Api-Key + bound operator wallet,disabled without configured key; handler preconditions,Axum 2MiB default for Bytes/Json; GET not body extracted,none explicit,permissive CORS; no WS Origin guard,source inspected; narrow runtime samples in local_http_body_and_registration_limits_are_bounded
gateway,GET,/v1/batch/:id,get_v1_batch,demo and production,public,read only,Axum 2MiB default for Bytes/Json; GET not body extracted,none explicit,permissive CORS; no WS Origin guard,source inspected; narrow runtime samples in local_http_body_and_registration_limits_are_bounded
gateway,GET,/v1/enclave/epoch,get_v1_enclave_epoch,demo and production,public,read only,Axum 2MiB default for Bytes/Json; GET not body extracted,none explicit,permissive CORS; no WS Origin guard,source inspected; narrow runtime samples in local_http_body_and_registration_limits_are_bounded
gateway,GET,/v1/openapi.json,get_v1_openapi,demo and production,public,read only,Axum 2MiB default for Bytes/Json; GET not body extracted,none explicit,permissive CORS; no WS Origin guard,source inspected; narrow runtime samples in local_http_body_and_registration_limits_are_bounded
gateway,GET,/v1/ws,ws_v1_handler,demo and production,auth frame API key for private data,owner-filtered events; account fence/watch; 2s send timeout,tungstenite defaults; no app override,none explicit,permissive CORS; no WS Origin guard,source inspected; narrow runtime samples in local_http_body_and_registration_limits_are_bounded
prover-service,POST,/prove,prove,configured service,attested expiring bearer; 401 if no token,source inspected only,512MiB extractor cap,none explicit,no CORS layer inspected,not launched; no paid proving
prover-service,GET,/vkey,vkey,configured service,public,source inspected only,512MiB extractor cap,none explicit,no CORS layer inspected,not launched; no paid proving
prover-service,GET,/measurement,measurement,configured service,public,source inspected only,512MiB extractor cap,none explicit,no CORS layer inspected,not launched; no paid proving
prover-service,GET,/attest,attest,configured service,public quote,source inspected only,512MiB extractor cap,none explicit,no CORS layer inspected,not launched; no paid proving
